"site.name","mean.algae.richness","mean.algae.evenness","mean.algae.shannon","mean.algae.turbinaria","mean.algae.lobophora","mean.algae.halimeda","mean.algae.chl.fastigita","mean.algae.caul.serrulata"
"Aie_Exposed",4.625,0.447833739873317,0.677721312972428,1525,1125,125,18.75,21.875
"Aie_Protected",2.25,NA,0.324017006699838,9846.25,2162.5,0,27.5,15.625
"Reiono_Exposed",6.875,0.625880376733882,1.1735794803566,2837.5,1112.5,810,1031.25,37.5
"Reiono_Protected",5.75,0.461062768903434,0.795125890199215,7165.625,387.5,281.25,1790.625,128.125
"Rimatuu_Exposed",7.625,0.545402533701783,1.06286253906483,8517.5,3412.5,0,843.75,296.875
"Rimatuu_Protected",8.125,0.627901207751163,1.29528204241305,6981.25,1531.25,1268.75,450,190.625
