group,corr
coral,0.731615008
pavement,0.409865262
rubble,0.453342982
sand,0.834169605
macroalgae,0.79960635